<?xml version="1.0" encoding="UTF-8"?>
<project-private xmlns="http://www.netbeans.org/ns/project-private/1">
    <editor-bookmarks xmlns="http://www.netbeans.org/ns/editor-bookmarks/2" lastBookmarkId="0"/>
    <open-files xmlns="http://www.netbeans.org/ns/projectui-open-files/2">
        <group>
            <file>file:/home/estagiario/NetBeansProjects/Loja%20v0.2/src/java/dao/ProdutoDAO.java</file>
            <file>file:/home/estagiario/NetBeansProjects/Loja%20v0.2/web/listar.jsp</file>
            <file>file:/home/estagiario/NetBeansProjects/Loja%20v0.2/src/java/dao/ClienteDAO.java</file>
            <file>file:/home/estagiario/NetBeansProjects/Loja%20v0.2/src/java/model/Identificador.java</file>
            <file>file:/home/estagiario/NetBeansProjects/Loja%20v0.2/src/java/teste/teste.java</file>
            <file>file:/home/estagiario/NetBeansProjects/Loja%20v0.2/src/java/servlet/clienteServlet.java</file>
            <file>file:/home/estagiario/NetBeansProjects/Loja%20v0.2/src/conf/persistence.xml</file>
            <file>file:/home/estagiario/NetBeansProjects/Loja%20v0.2/src/java/dao/ItemDAO.java</file>
            <file>file:/home/estagiario/NetBeansProjects/Loja%20v0.2/src/java/util/JpaUtil.java</file>
            <file>file:/home/estagiario/NetBeansProjects/Loja%20v0.2/src/java/dao/JPADao.java</file>
            <file>file:/home/estagiario/NetBeansProjects/Loja%20v0.2/src/java/model/Cliente.java</file>
            <file>file:/home/estagiario/NetBeansProjects/Loja%20v0.2/src/java/servlet/cadastrar.java</file>
            <file>file:/home/estagiario/NetBeansProjects/Loja%20v0.2/src/java/model/Pedido.java</file>
            <file>file:/home/estagiario/NetBeansProjects/Loja%20v0.2/src/java/dao/PedidoDAO.java</file>
            <file>file:/home/estagiario/NetBeansProjects/Loja%20v0.2/web/META-INF/context.xml</file>
            <file>file:/home/estagiario/NetBeansProjects/Loja%20v0.2/src/java/model/Produto.java</file>
            <file>file:/home/estagiario/NetBeansProjects/Loja%20v0.2/web/index.html</file>
            <file>file:/home/estagiario/NetBeansProjects/Loja%20v0.2/web/cadastroCliente.jsp</file>
            <file>file:/home/estagiario/NetBeansProjects/Loja%20v0.2/web/sucesso.jsp</file>
            <file>file:/home/estagiario/NetBeansProjects/Loja%20v0.2/web/WEB-INF/web.xml</file>
            <file>file:/home/estagiario/NetBeansProjects/Loja%20v0.2/nbproject/build-impl.xml</file>
        </group>
    </open-files>
</project-private>
